"magna_years","magna_ssps","mean_jan","mean_feb","mean_mar","mean_apr","mean_may","mean_jun","mean_jul","mean_aug","mean_sep","mean_oct","mean_nov","mean_dec"
"2001-2020",NA,51.5559955439403,21.2502291768192,23.5138661895236,25.8494493019522,26.1457058840829,55.6860008612006,84.6776504823809,111.52394518044,58.2631832605459,72.4152008795161,48.2880128096833,48.8141032703133
